"pop2023","pop2022","pop2020","pop2010","growth","usps","geoid","ansicode","name","lsad","funcstat","aland","awater","aland_sqmi","awater_sqmi","intptlat","intptlong","slug","metroId","countyfips","rank","density"
7888121,8172684,8772978,8175133,-0.03482,"NY",3651000,2395220,"New York City","2",0,777983000,434642000,300.381,167.816,40.6635,-73.9387,"new-york-city-ny",35620,"36061",1,26260
3769485,3809182,3889834,3792621,-0.01042,"CA",644000,2410877,"Los Angeles","2",0,1214590000,87468500,468.956,33.772,34.0194,-118.411,"los-angeles-ca",31080,"6037",2,8038
2608425,2652124,2741730,2695598,-0.01648,"IL",1714000,428803,"Chicago","2",0,588882000,17621500,227.369,6.804,41.8376,-87.6818,"chicago-il",16980,"17031",3,11472
2264876,2276533,2300027,2099451,-0.00512,"TX",4835000,2410796,"Houston","2",0,1658090000,81248100,640.194,31.37,29.7857,-95.3888,"houston-tx",26420,"48201|48157|48339",4,3538
1651344,1637902,1611345,1445632,0.00821,"AZ",455000,2411414,"Phoenix","2",0,1340770000,3236740,517.673,1.25,33.5722,-112.09,"phoenix-az",38060,"4013",5,3190
1527886,1551880,1601005,1526006,-0.01546,"PA",4260000,1215531,"Philadelphia","2",0,347782000,21806100,134.279,8.419,40.0094,-75.1333,"philadelphia-pa",37980,"42101",6,11378
1479493,1465608,1438227,1327407,0.00947,"TX",4865000,2411774,"San Antonio","2",0,1256440000,14515600,485.113,5.605,29.4659,-98.5247,"san-antonio-tx",41700,"48029|48325",7,3050
1374076,1377838,1385394,1307402,-0.00273,"CA",666000,2411782,"San Diego","2",0,844018000,120537000,325.877,46.54,32.815,-117.136,"san-diego-ca",41740,"6073",8,4217
1259404,1273848,1303234,1197816,-0.01134,"TX",4819000,2410288,"Dallas","2",0,879911000,115783000,339.736,44.704,32.7933,-96.7665,"dallas-tx",19100,"48113|48085|48121|48257|48397",9,3707
966292,965234,963121,790390,0.0011,"TX",4805000,2409761,"Austin","2",0,828638000,17024700,319.939,6.573,30.3012,-97.7527,"austin-tx",12420,"48453|48491|48209",10,3020
962970,958783,950463,821784,0.00437,"FL",1235000,2404783,"Jacksonville","2",0,1935930000,329458000,747.467,127.204,30.3369,-81.6616,"jacksonville-fl",27260,"12031",11,1288
961885,948605,922592,741206,0.014,"TX",4827000,2410531,"Fort Worth","2",0,895059000,21698300,345.584,8.378,32.7815,-97.3467,"fort-worth-tx",19100,"48439|48121|48497|48367",12,2783
930862,956814,1010908,945942,-0.02712,"CA",668000,2411790,"San Jose","2",0,460521000,8129850,177.808,3.139,37.2967,-121.819,"san-jose-ca",41940,"6085",13,5235
907865,907196,905860,787033,0.00074,"OH",3918000,1086101,"Columbus","2",0,567718000,15174700,219.197,5.859,39.9852,-82.9848,"columbus-oh",18140,"39049|39045|39041",14,4142
885663,882681,876747,731424,0.00338,"NC",3712000,2404032,"Charlotte","2",0,795744000,5151780,307.238,1.989,35.2079,-80.8301,"charlotte-nc",16740,"37119",15,2883
871449,876728,887382,820445,-0.00602,"IN",1836003,2395424,"Indianapolis","0",0,936465000,16419900,361.571,6.34,39.7767,-86.1459,"indianapolis-in",26900,"18097",16,2410
725487,729691,738172,608660,-0.00576,"WA",5363000,2411856,"Seattle","2",0,217201000,150761000,83.862,58.209,47.6194,-122.351,"seattle-wa",42660,"53033",17,8651
715717,763841,870014,805235,-0.063,"CA",667000,2411786,"San Francisco","2",0,121478000,479115000,46.903,184.987,37.7272,-123.032,"san-francisco-ca",41860,"6075",18,15260
699288,705349,717630,600158,-0.00859,"CO",820000,2410324,"Denver","2",0,397025000,4245400,153.292,1.639,39.7618,-104.881,"denver-co",19740,"8031",19,4562
697763,692726,682760,579999,0.00727,"OK",4055000,2411311,"Oklahoma City","2",0,1570680000,37116500,606.445,14.331,35.4671,-97.5137,"oklahoma-city-ok",36420,"40109|40027|40017|40125",20,1151
678049,678232,678598,649121,-0.00027,"TX",4824000,2410414,"El Paso","2",0,666715000,2089730,257.42,0.807,31.8478,-106.431,"el-paso-tx",21340,"48141",21,2634
658525,668611,689248,601222,-0.01509,"TN",4752006,2405092,"Nashville","0",0,1231650000,56229800,475.543,21.71,36.1718,-86.785,"nashville-tn",34980,"47037",22,1385
653843,650307,643292,583756,0.00544,"NV",3240000,2411630,"Las Vegas","2",0,367175000,138524,141.767,0.053,36.2335,-115.264,"las-vegas-nv",29820,"32003",23,4612
631693,650589,690093,601723,-0.02904,"DC",1150000,2390665,"Washington","2",0,158340000,18687200,61.136,7.215,38.9042,-77.0165,"washington-dc",47900,"11001",24,10333
621777,624944,631326,646889,-0.00507,"TN",4748000,2405068,"Memphis","2",0,821950000,23284400,317.357,8.99,35.1028,-89.9774,"memphis-tn",32820,"47157",25,1959
621764,625170,632037,597337,-0.00545,"KY",2148006,1967434,"Louisville","0",0,682291000,30626100,263.434,11.825,38.1654,-85.6474,"louisville-ky",31140,"21111",26,2360
621193,626803,638176,713777,-0.00895,"MI",2622000,1626181,"Detroit","2",0,359269000,10807700,138.715,4.173,42.383,-83.1022,"detroit-mi",19820,"26163",27,4478
619286,630129,652388,583776,-0.01721,"OR",4159000,2411471,"Portland","2",0,345558000,29925600,133.421,11.554,45.5369,-122.65,"portland-or",38900,"41051|41067|41005",28,4642
617459,635844,674272,617594,-0.02891,"MA",2507000,619463,"Boston","2",0,125197000,106914000,48.339,41.28,42.3386,-71.0182,"boston-ma",0,"25025",29,12774
563455,569939,583132,620961,-0.01138,"MD",2404000,1702381,"Baltimore","2",0,209651000,28758700,80.947,11.104,39.3,-76.6105,"baltimore-md",12580,"24510",30,6961
558523,560557,564648,545852,-0.00363,"NM",3502000,2409678,"Albuquerque","2",0,484883000,4290890,187.215,1.657,35.1048,-106.647,"albuquerque-nm",10740,"35001",31,2983
555640,562443,576301,594833,-0.0121,"WI",5553000,1583724,"Milwaukee","2",0,249115000,1634100,96.184,0.631,43.0633,-87.9667,"milwaukee-wi",33340,"55079",32,5777
549242,546871,542159,494665,0.00434,"CA",627000,2410546,"Fresno","2",0,297136000,3127480,114.725,1.208,36.7827,-119.794,"fresno-ca",23420,"6019",33,4787
546019,544629,541859,520116,0.00255,"AZ",477000,2412104,"Tucson","2",0,616454000,819364,238.014,0.316,32.153,-110.871,"tucson-az",46060,"4019",34,2294
528306,526671,523416,466488,0.0031,"CA",664000,2411751,"Sacramento","2",0,253119000,5591300,97.73,2.159,38.5666,-121.469,"sacramento-ca",40900,"6067",35,5406
516783,513116,505860,439041,0.00715,"AZ",446000,2411087,"Mesa","2",0,357639000,1955880,138.085,0.755,33.402,-111.718,"mesa-az",38060,"4013",36,3742
509319,508856,507932,459787,0.00091,"MO",2938000,2395492,"Kansas City","2",0,815551000,10593100,314.886,4.09,39.1252,-94.5503,"kansas-city-mo",28140,"29095|29047|29165|29037",37,1617
491530,487728,480213,416427,0.0078,"CO",816000,2410198,"Colorado Springs","2",0,505047000,937374,195,0.362,38.8673,-104.761,"colorado-springs-co",17820,"8041",38,2521
490270,493356,499586,420003,-0.00626,"GA",1304000,2403126,"Atlanta","2",0,351557000,2684130,135.737,1.036,33.7629,-84.4227,"atlanta-ga",12060,"13121|13089|13067",39,3612
479655,483462,491168,408958,-0.00787,"NE",3137000,2396064,"Omaha","2",0,365144000,9338770,140.983,3.606,41.2631,-96.052,"omaha-ne",36540,"31055",40,3402
472540,470829,467425,403892,0.00363,"NC",3755000,2404590,"Raleigh","2",0,377844000,2830540,145.886,1.093,35.8302,-78.6415,"raleigh-nc",39580,"37183|37063",41,3239
454289,455977,459373,437994,-0.0037,"VA",5182000,1498559,"Virginia Beach","2",0,633829000,654687000,244.723,252.776,36.78,-76.0252,"virginia-beach-va",47260,"51810",42,1856
439153,447528,464759,462257,-0.01871,"CA",643000,2410866,"Long Beach","2",0,131302000,75937500,50.696,29.32,33.7781,-118.167,"long-beach-ca",31080,"6037",43,8662
435919,437900,441889,399457,-0.00452,"FL",1245000,2404247,"Miami","2",0,93230500,51999600,35.996,20.077,25.7752,-80.2086,"miami-fl",33100,"12086",44,12110
422994,428374,439341,390724,-0.01256,"CA",653000,2411292,"Oakland","2",0,144763000,56965800,55.893,21.995,37.7698,-122.226,"oakland-ca",41860,"6001",45,7568
418075,421690,429014,382578,-0.00857,"MN",2743000,2395345,"Minneapolis","2",0,139858000,9027530,54,3.486,44.9633,-93.2683,"minneapolis-mn",33460,"27053",46,7742
416175,411873,403401,347483,0.01044,"CA",603526,2409774,"Bakersfield","2",0,387871000,3792000,149.758,1.464,35.3536,-119.037,"bakersfield-ca",12540,"6029",47,2779
408956,410177,412629,391906,-0.00298,"OK",4075000,2412110,"Tulsa","2",0,511465000,11126700,197.478,4.296,36.1279,-95.9023,"tulsa-ok",46140,"40143|40113|40131|40145",48,2071
394941,392134,386580,325078,0.00716,"CO",804000,2409757,"Aurora","2",0,399562000,1650190,154.272,0.637,39.688,-104.69,"aurora-co",19740,"08001|08005",49,2560
393264,390145,383980,335709,0.00799,"FL",1271000,2405568,"Tampa","2",0,295302000,160099000,114.017,61.815,27.9679,-82.4746,"tampa-fl",45300,"12057",50,3449
392878,394286,397117,382368,-0.00357,"KS",2079000,485662,"Wichita","2",0,418704000,11667800,161.662,4.505,37.6906,-97.3458,"wichita-ks",48620,"20173",51,2430
390399,391591,393985,365438,-0.00304,"TX",4804000,2409731,"Arlington","2",0,248067000,9470270,95.779,3.656,32.7007,-97.1247,"arlington-tx",19100,"48439",52,4076
364659,370764,383282,343829,-0.01647,"LA",2255000,545142,"New Orleans","2",0,438831000,467268000,169.434,180.413,30.0534,-89.9345,"new-orleans-la",35380,"22071",53,2152
360040,363994,372032,396815,-0.01086,"OH",3916000,1085963,"Cleveland","2",0,201227000,12336400,77.694,4.763,41.4785,-81.6794,"cleveland-oh",17460,"39035",54,4634
343654,344795,347089,336265,-0.00331,"CA",602000,2409704,"Anaheim","2",0,130329000,1567020,50.32,0.605,33.8236,-118.016,"anaheim-ca",31080,"6059",55,6829
337088,341273,349800,337256,-0.01226,"HI",1571550,2630783,"Honolulu","5",0,156807000,20487500,60.544,7.91,21.3243,-157.848,"honolulu-hi",0,"15003",56,5568
328516,325332,319055,257729,0.00979,"NV",3231900,2410741,"Henderson","2",0,274750000,1272340,106.082,0.491,36.0102,-115.036,"henderson-nv",29820,"32003",57,3097
324888,323501,320745,291707,0.00429,"CA",675000,2411987,"Stockton","2",0,161026000,7985700,62.172,3.083,37.9763,-121.313,"stockton-ca",44700,"6077",58,5226
322538,319889,314655,303871,0.00828,"CA",662000,2410965,"Riverside","2",0,210458000,801713,81.258,0.31,33.9381,-117.393,"riverside-ca",40140,"6065",59,3969
320576,321184,322403,295803,-0.00189,"KY",2146027,2405089,"Lexington","U",0,734616000,4922120,283.637,1.9,38.0407,-84.4583,"lexington-ky",30460,"21067",60,1130
317615,317694,317852,305215,-0.00025,"TX",4817000,2410234,"Corpus Christi","2",0,413630000,852166000,159.703,329.023,27.7543,-97.1734,"corpus-christi-tx",18580,"48355|48409|48007|48273",61,1989
314384,311696,306389,212375,0.00862,"CA",636770,2410116,"Irvine","2",0,169953000,808586,65.619,0.312,33.6784,-117.771,"irvine-ca",0,"6059",62,4791
312280,310713,307603,238300,0.00504,"FL",1253000,2404443,"Orlando","2",0,286346000,21332100,110.559,8.236,28.4246,-81.227,"orlando-fl",36740,"12095",63,2825
308549,308995,309888,324528,-0.00144,"CA",669000,2411814,"Santa Ana","2",0,70864700,79932,27.361,0.031,33.7363,-117.883,"santa-ana-ca",0,"6059",64,11277
306592,307761,310113,296943,-0.0038,"OH",3915000,1086201,"Cincinnati","2",0,201594000,4472880,77.836,1.727,39.1402,-84.5058,"cincinnati-oh",17140,"39061",65,3939
301055,304122,310350,277140,-0.01008,"NJ",3451000,885317,"Newark","2",0,62531400,4509800,24.144,1.741,40.7242,-74.1726,"newark-nj",35620,"34013",66,12469
299830,303489,310942,285068,-0.01206,"MN",2758000,2396511,"St. Paul","2",0,134622000,10925900,51.978,4.219,44.9489,-93.1041,"st-paul-mn",33460,"27123",67,5768
299175,298719,297808,269666,0.00153,"NC",3728000,2403745,"Greensboro","2",0,334284000,13555700,129.068,5.234,36.0951,-79.827,"greensboro-nc",24660,"37081",68,2318
295793,298103,302777,305704,-0.00775,"PA",4261000,1214818,"Pittsburgh","2",0,143424000,7688210,55.376,2.968,40.4398,-79.9763,"pittsburgh-pa",38300,"42003",69,5342
295222,293937,291383,258379,0.00437,"NE",3128000,2395713,"Lincoln","2",0,249217000,3524100,96.223,1.361,40.809,-96.6789,"lincoln-ne",30700,"31109",70,3068
295097,284422,264216,216961,0.03753,"NV",3251800,2411273,"North Las Vegas","2",0,253859000,112001,98.015,0.043,36.2857,-115.094,"north-las-vegas-nv",0,"32003",71,3011
291450,289847,286668,259841,0.00553,"TX",4858016,2411437,"Plano","2",0,185656000,904814,71.682,0.349,33.0508,-96.7479,"plano-tx",0,"48085|48121",72,4066
287794,286658,284400,228330,0.00396,"NC",3719000,2403521,"Durham","2",0,290650000,2164130,112.221,0.836,35.9811,-78.9029,"durham-nc",20500,"37063|37135",73,2565
283301,281373,277556,236123,0.00685,"AZ",412000,2409433,"Chandler","2",0,168669000,182929,65.124,0.071,33.2828,-111.852,"chandler-az",0,"4013",74,4350
283154,285627,290637,291826,-0.00866,"AK",203000,2419025,"Anchorage","3",0,4420590000,614472000,1706.8,237.249,61.1743,-149.284,"anchorage-ak",11260,"2020",75,166
281169,277123,269206,208453,0.0146,"AZ",427400,2412682,"Gilbert","4",0,177348000,527034,68.475,0.203,33.3102,-111.743,"gilbert-az",0,"4013",76,4106
279390,286265,300528,319294,-0.02402,"MO",2965000,767557,"St. Louis","2",0,159915000,11006000,61.744,4.249,38.6357,-90.2446,"st-louis-mo",41180,"29510",77,4525
278734,277976,276466,243916,0.00273,"CA",613392,2409461,"Chula Vista","2",0,128569000,6360330,49.641,2.456,32.6277,-117.015,"chula-vista-ca",0,"6073",78,5615
278577,273671,264116,225221,0.01793,"NV",3260600,2410923,"Reno","2",0,281646000,7338580,108.744,2.833,39.5491,-119.85,"reno-nv",39900,"32031",79,2562
274618,275710,277908,261310,-0.00396,"NY",3611000,978764,"Buffalo","2",0,104578000,31344700,40.378,12.102,42.8925,-78.8597,"buffalo-ny",15380,"36029",80,6801
269897,269546,268846,233209,0.0013,"WI",5548000,1583625,"Madison","2",0,205486000,56879000,79.339,21.961,43.0878,-89.4299,"madison-wi",31540,"55025",81,3402
269621,267791,264169,253691,0.00683,"IN",1825000,2394798,"Fort Wayne","2",0,286546000,562505,110.636,0.217,41.0882,-85.1439,"fort-wayne-in",23060,"18003",82,2437
268578,276146,291927,247597,-0.02741,"NJ",3436000,885264,"Jersey City","2",0,38185600,16550000,14.744,6.39,40.7114,-74.0648,"jersey-city-nj",35620,"34017",83,18216
267329,264142,257882,229573,0.01207,"TX",4845000,2410892,"Lubbock","2",0,348931000,3227290,134.723,1.246,33.5668,-101.888,"lubbock-tx",31180,"48303",84,1984
265468,266984,270041,287208,-0.00568,"OH",3977000,1086537,"Toledo","2",0,208465000,8657580,80.489,3.343,41.6641,-83.5819,"toledo-oh",45780,"39095",85,3298
257795,256973,255336,236091,0.0032,"TX",4841464,2411626,"Laredo","2",0,273873000,3805100,105.743,1.469,27.5604,-99.4892,"laredo-tx",29700,"48479",86,2438
257290,257745,258658,244769,-0.00177,"FL",1263000,2405401,"St. Petersburg","2",0,160228000,197264000,61.864,76.164,27.7609,-82.6434,"st-petersburg-fl",45300,"12103",87,4159
254479,252869,249679,222209,0.00637,"VA",5116000,1498558,"Chesapeake","2",0,876738000,32210000,338.51,12.436,36.6794,-76.3018,"chesapeake-va",0,"51550",88,752
252274,251295,249349,229617,0.0039,"NC",3775000,2405771,"Winston-Salem","2",0,343469000,3117860,132.614,1.204,36.1027,-80.261,"winston--salem-nc",49180,"37067",89,1902
251305,250466,248797,226721,0.00335,"AZ",427820,2410596,"Glendale","2",0,159523000,1036610,61.592,0.4,33.5344,-112.414,"glendale-az",0,"4013",90,4080
248931,251551,256873,216290,-0.01042,"TX",4837000,2410117,"Irving","2",0,173684000,2569520,67.06,0.992,32.8577,-96.97,"irving-tx",0,"48113",91,3712
244402,243576,241933,217385,0.00339,"AZ",465000,2411845,"Scottsdale","2",0,476525000,1188550,183.987,0.459,33.6843,-111.861,"scottsdale-az",38060,"4013",92,1328
240777,228855,206752,164603,0.05209,"FL",1258715,2404558,"Port St. Lucie","2",0,308733000,4194420,119.202,1.619,27.2806,-80.3883,"port-st-lucie-fl",38940,"12111",93,2020
240713,239074,235829,205671,0.00686,"ID",1608830,2409876,"Boise","2",0,216714000,2489870,83.674,0.961,43.6021,-116.231,"boise-id",14260,"16001",94,2877
235293,238640,245478,226876,-0.01403,"TX",4829000,2410572,"Garland","2",0,147783000,313575,57.06,0.121,32.9098,-96.6303,"garland-tx",0,"48113",95,4124
230163,232613,237591,242803,-0.01053,"VA",5157000,1498557,"Norfolk","2",0,137981000,111702000,53.275,43.128,36.923,-76.2446,"norfolk-va",47260,"51710",96,4320
229513,229292,228850,208916,0.00096,"WA",5367000,2411956,"Spokane","2",0,178086000,1907180,68.759,0.736,47.6669,-117.433,"spokane-wa",44060,"53063",97,3338
227528,218962,202786,116989,0.03912,"TX",4827684,2410549,"Frisco","2",0,176443000,1431230,68.125,0.553,33.1554,-96.8226,"frisco-tx",0,"48085|48121",98,3340
226472,226538,226670,204214,-0.00029,"VA",5167000,1789073,"Richmond","2",0,155200000,6854940,59.923,2.647,37.5314,-77.476,"richmond-va",40060,"51760",99,3779
223044,222623,221784,209924,0.00189,"CA",665000,2411777,"San Bernardino","2",0,160860000,875506,62.108,0.338,34.1411,-117.295,"san-bernardino-ca",40140,"6071",100,3591
221997,213074,196290,154305,0.04188,"FL",1210275,2403990,"Cape Coral","2",0,274405000,34816600,105.948,13.443,26.6432,-81.9974,"cape-coral-fl",15980,"12071",101,2095
220854,218900,215043,180105,0.00893,"AL",137000,2404746,"Huntsville","2",0,555197000,3528660,214.363,1.362,34.7013,-86.6729,"huntsville-al",26620,"01089|01083",102,1030
219419,223430,231673,214089,-0.01795,"CA",626000,2410545,"Fremont","2",0,200633000,26291600,77.465,10.151,37.501,-122.084,"fremont-ca",0,"6001",103,2832
219396,219083,218459,201165,0.00143,"CA",648354,2411130,"Modesto","2",0,111309000,4740720,42.977,1.83,37.6375,-121.003,"modesto-ca",33700,"6099",104,5105
218849,219027,219383,198397,-0.00081,"WA",5370000,2412025,"Tacoma","2",0,128876000,32804900,49.759,12.666,47.2522,-122.46,"tacoma-wa",42660,"53053",105,4398
217665,219913,224480,229493,-0.01022,"LA",2205000,2403821,"Baton Rouge","2",0,223903000,5708640,86.449,2.204,30.4422,-91.1309,"baton-rouge-la",12940,"22033",106,2518
217201,218839,222153,224669,-0.00748,"FL",1230000,2404689,"Hialeah","2",0,55895700,3198200,21.581,1.235,25.8699,-80.3029,"hialeah-fl",0,"12086",107,10064
217003,220765,228487,176320,-0.01704,"CA",669088,2411819,"Santa Clarita","2",0,183254000,162849,70.755,0.063,34.4141,-118.495,"santa-clarita-ca",0,"6037",108,3067
216456,214014,209213,193365,0.01141,"CA",649270,2411159,"Moreno Valley","2",0,132755000,549563,51.257,0.212,33.9233,-117.206,"moreno-valley-ca",0,"6065",109,4223
214718,212730,208810,196069,0.00935,"CA",624680,2410517,"Fontana","2",0,111555000,0,43.072,0,34.109,-117.463,"fontana-ca",0,"6071",110,4985
214302,208415,197122,131117,0.02825,"TX",4845744,2411064,"McKinney","2",0,173373000,1916550,66.94,0.74,33.2011,-96.6642,"mckinney-tx",0,"48085",111,3201
209934,210270,210943,210565,-0.0016,"NY",3663000,979426,"Rochester","2",0,92634700,3640300,35.766,1.406,43.1699,-77.6169,"rochester-ny",40380,"36055",112,5870
209182,208980,208576,200564,0.00097,"NC",3722920,2403604,"Fayetteville","2",0,382923000,4738400,147.847,1.83,35.0828,-78.9735,"fayetteville-nc",22180,"37051",113,1415
208734,210376,213699,203433,-0.00781,"IA",1921000,2394522,"Des Moines","2",0,228385000,6420720,88.18,2.479,41.5726,-93.6102,"des-moines-ia",19780,"19153",114,2367
206680,208100,210970,195976,-0.00682,"NY",3684000,979660,"Yonkers","2",0,46651500,5916220,18.012,2.284,40.9459,-73.8674,"yonkers-ny",0,"36119",115,11475
205272,205595,206242,181045,-0.00157,"MA",2582000,619493,"Worcester","2",0,96762100,2811330,37.36,1.085,42.2695,-71.8078,"worcester-ma",0,"25027",116,5494
203287,199879,193233,153888,0.01705,"SD",4659020,1267566,"Sioux Falls","2",0,202612000,1363810,78.229,0.527,43.5395,-96.732,"sioux-falls-sd",43620,"46099|46083",117,2599
202957,204283,206960,189885,-0.00649,"GA",1319000,2404111,"Columbus","2",0,560679000,11737100,216.479,4.532,32.5102,-84.8749,"columbus-ga",17980,"13215",118,938
202272,201373,199587,186440,0.00446,"UT",4967000,2411771,"Salt Lake City","2",0,286707000,1216720,110.698,0.47,40.7785,-111.93,"salt-lake-city-ut",41620,"49035",119,1827
201910,201572,200897,190695,0.00168,"TX",4803000,2409694,"Amarillo","2",0,263516000,4049640,101.744,1.564,35.1989,-101.832,"amarillo-tx",11100,"48375|48381",120,1984
201155,201517,202242,197899,-0.0018,"CA",654652,2411347,"Oxnard","2",0,68706200,32114700,26.528,12.4,34.1994,-119.208,"oxnard-ca",37100,"6111",121,7583
201029,201513,202484,193524,-0.0024,"AR",541000,2404939,"Little Rock","2",0,310777000,7665230,119.992,2.96,34.724,-92.3576,"little-rock-ar",30780,"5119",122,1675
200916,197894,191985,154065,0.01527,"AZ",454050,2411401,"Peoria","2",0,455811000,8208020,175.989,3.169,33.7865,-112.308,"peoria-az",0,"04013|04025",123,1142
199894,200544,201850,195844,-0.00324,"GA",1304204,2405078,"Augusta","0",0,782887000,10820500,302.274,4.178,33.3655,-82.0734,"augusta-ga",12260,"13245",124,661
199395,198368,196331,175396,0.00518,"TX",4830464,2410632,"Grand Prairie","2",0,187139000,23043300,72.255,8.897,32.6861,-97.0208,"grand-prairie-tx",0,"48113|48439|48139",125,2760
198631,197865,196342,181376,0.00387,"FL",1270600,2405563,"Tallahassee","2",0,260226000,8345630,100.474,3.222,30.4551,-84.2534,"tallahassee-fl",45220,"12073",126,1977
196823,194724,190594,178874,0.01078,"TN",4740000,2404842,"Knoxville","2",0,255664000,14322100,98.713,5.53,35.9707,-83.9493,"knoxville-tn",28940,"47093",127,1994
196147,196626,197587,173372,-0.00244,"KS",2053775,485639,"Overland Park","2",0,194716000,1194800,75.18,0.461,38.889,-94.6906,"overland-park-ks",0,"20091",128,2609
196010,197333,200006,205764,-0.0067,"AL",151000,2404289,"Montgomery","2",0,414093000,5965790,159.882,2.303,32.3472,-86.2661,"montgomery-al",33860,"1101",129,1226
195911,196662,198173,188040,-0.00382,"MI",2634000,1626373,"Grand Rapids","2",0,115919000,2268060,44.756,0.876,42.9612,-85.6556,"grand-rapids-mi",24340,"26081",130,4377
194384,193273,191071,161791,0.00575,"WA",5374060,2412146,"Vancouver","2",0,126246000,9593980,48.744,3.704,45.6372,-122.597,"vancouver-wa",38900,"53011",131,3988
192605,194618,198707,189992,-0.01034,"CA",636000,2410811,"Huntington Beach","2",0,69936400,3455840,27.003,1.334,33.698,-118.004,"huntington-beach-ca",0,"6059",132,7133
192557,195050,200133,212237,-0.01278,"AL",107000,2403868,"Birmingham","2",0,378334000,6593180,146.076,2.546,33.5274,-86.799,"birmingham-al",13820,"01073|01117",133,1318
190889,187473,180823,161719,0.01822,"AZ",473000,2412045,"Tempe","2",0,103541000,643414,39.977,0.248,33.3884,-111.932,"tempe-az",0,"4013",134,4775
189987,188906,186762,175023,0.00572,"TX",4810768,2409924,"Brownsville","2",0,342712000,35635800,132.322,13.759,25.9957,-97.4509,"brownsville-tx",15180,"48061",135,1436
188877,189284,190101,178042,-0.00215,"RI",4459000,1220076,"Providence","2",0,47670300,5654660,18.406,2.183,41.8231,-71.4188,"providence-ri",39300,"44007",136,10262
187724,188534,190164,199110,-0.0043,"OH",3901000,1086993,"Akron","2",0,160405000,884027,61.933,0.341,41.0805,-81.5214,"akron-oh",10420,"39153",137,3031
184906,188599,196208,191719,-0.01958,"CA",630000,2410597,"Glendale","2",0,78919000,330545,30.471,0.128,34.1814,-118.246,"glendale-ca",0,"6037",138,6068
183095,182603,181624,167674,0.00269,"TN",4714000,2404035,"Chattanooga","2",0,370273000,19989100,142.963,7.718,35.066,-85.2484,"chattanooga-tn",16860,"47065",139,1281
182069,180004,175945,163924,0.01147,"CA",653896,2411323,"Ontario","2",0,129403000,75071,49.963,0.029,34.0376,-117.604,"ontario-ca",40140,"6071",140,3644
182068,183504,186411,195111,-0.00783,"AL",150000,2404278,"Mobile","2",0,361212000,105131000,139.465,40.591,30.6684,-88.1002,"mobile-al",33660,"1097",141,1305
181958,183268,185916,180719,-0.00715,"VA",5156000,1498555,"Newport News","2",0,178689000,131135000,68.992,50.632,37.0761,-76.522,"newport-news-va",47260,"51700",142,2637
181758,180372,177632,153015,0.00768,"CA",622020,2410425,"Elk Grove","2",0,108864000,429692,42.033,0.166,38.4146,-121.385,"elk-grove-ca",0,"6067",143,4324
181620,179661,175806,154637,0.0109,"OR",4164900,2411764,"Salem","2",0,126110000,1418530,48.691,0.548,44.9239,-123.023,"salem-or",41420,"41047|41053",144,3730
180227,178600,175389,135234,0.00911,"NC",3710740,2406229,"Cary","4",0,152098000,2807500,58.725,1.084,35.7814,-78.819,"cary-nc",0,"37183|37037",145,3069
179447,180554,182789,165521,-0.00613,"FL",1224000,2403640,"Fort Lauderdale","2",0,89577600,4435590,34.586,1.713,26.1412,-80.1467,"fort-lauderdale-fl",33100,"12011",146,5188
178602,174738,167258,132929,0.02211,"TN",4715160,2404061,"Clarksville","2",0,255882000,1764730,98.796,0.681,36.5664,-87.3452,"clarksville-tn",17300,"47125",147,1808
177562,180763,187338,199311,-0.01771,"LA",2270000,2405463,"Shreveport","2",0,278064000,39380900,107.361,15.205,32.4669,-93.7922,"shreveport-la",43340,"22017|22015",148,1654
177108,178184,180355,197899,-0.00604,"IL",1703012,2394031,"Aurora","2",0,116572000,2420400,45.009,0.935,41.7635,-88.2901,"aurora-il",0,"17089|17043|17197|17093",149,3935
176288,175714,174572,165269,0.00327,"CA",659451,2411514,"Rancho Cucamonga","2",0,103902000,24723,40.117,0.01,34.1233,-117.564,"rancho-cucamonga-ca",0,"6071",150,4394
175685,175390,174802,156185,0.00168,"OR",4123850,2410460,"Eugene","2",0,114316000,178992,44.138,0.069,44.0551,-123.117,"eugene-or",21660,"41039",151,3980
175065,175999,177882,167815,-0.00531,"CA",670098,2411827,"Santa Rosa","2",0,110124000,451570,42.519,0.174,38.4458,-122.706,"santa-rosa-ca",42220,"6097",152,4117
170713,171844,174128,167086,-0.00658,"CA",653322,2411301,"Oceanside","2",0,106851000,2334140,41.256,0.901,33.2246,-117.306,"oceanside-ca",0,"6073",153,4138
169920,169822,169626,159498,0.00058,"MO",2970000,2395942,"Springfield","2",0,213394000,1519590,82.392,0.587,37.1942,-93.2913,"springfield-mo",44180,"29077|29043",154,2062
167837,169157,171829,170883,-0.0078,"CA",629000,2410568,"Garden Grove","2",0,46509200,45894,17.957,0.018,33.7788,-117.96,"garden-grove-ca",0,"6059",155,9347
167554,168045,169032,143986,-0.00292,"CO",827425,2410526,"Fort Collins","2",0,148102000,3282220,57.182,1.267,40.5482,-105.065,"fort-collins-co",22660,"8069",156,2930
166255,167816,170981,154750,-0.0093,"FL",1255775,2404502,"Pembroke Pines","2",0,84623300,5412080,32.673,2.09,26.0147,-80.3402,"pembroke-pines-fl",0,"12011",157,5088
166218,161810,153342,108755,0.02724,"TN",4751560,2404342,"Murfreesboro","2",0,159826000,353385,61.709,0.136,35.8539,-86.4212,"murfreesboro-tn",34980,"47149",158,2694
164853,167481,172862,156633,-0.01569,"CA",640130,2411620,"Lancaster","2",0,244187000,681671,94.281,0.263,34.6936,-118.175,"lancaster-ca",0,"6037",159,1749
164179,161946,157570,152374,0.01379,"CA",616350,2410232,"Corona","2",0,103563000,55171,39.986,0.021,33.862,-117.565,"corona-ca",0,"6065",160,4106
162900,159546,153044,127921,0.02102,"TX",4839148,2411542,"Killeen","2",0,141270000,1690050,54.545,0.653,31.0753,-97.7316,"killeen-tx",28660,"48027",161,2987
161585,162187,163397,150441,-0.00371,"CA",664224,2411768,"Salinas","2",0,60679300,83122,23.428,0.032,36.6902,-121.634,"salinas-ca",41500,"6053",162,6897
160564,154230,142302,113383,0.04107,"TX",4819972,2410323,"Denton","2",0,249250000,4145650,96.236,1.601,33.2174,-97.1413,"denton-tx",0,"48121",163,1668
159229,154128,144412,117517,0.0331,"AZ",471510,2412016,"Surprise","2",0,279883000,553175,108.063,0.214,33.6706,-112.453,"surprise-az",0,"4013",164,1473
159078,155448,148435,118788,0.02335,"CA",662938,2411000,"Roseville","2",0,114163000,0,44.079,0,38.7703,-121.32,"roseville-ca",40900,"6061",165,3609
158943,162316,169279,152750,-0.02078,"CA",655156,2411359,"Palmdale","2",0,274736000,633934,106.076,0.245,34.591,-118.105,"palmdale-ca",0,"6037",166,1498
157533,157068,156143,142980,0.00296,"CO",843000,2411614,"Lakewood","2",0,111490000,3039240,43.047,1.173,39.6989,-105.118,"lakewood-co",19740,"8059",167,3660
154594,156186,159419,146199,-0.01019,"NJ",3457000,885343,"Paterson","2",0,21790100,762699,8.413,0.294,40.9148,-74.1628,"paterson-nj",0,"34031",168,18376
153267,154026,155556,153060,-0.00493,"MA",2567000,619388,"Springfield","2",0,82540200,3137280,31.869,1.211,42.1155,-72.54,"springfield-ma",44140,"25013",169,4809
153160,156458,163269,144186,-0.02108,"CA",633000,2410724,"Hayward","2",0,117941000,47363900,45.537,18.287,37.6287,-122.102,"hayward-ca",41860,"6001",170,3363
153040,152324,150903,120083,0.0047,"SC",4513330,2404030,"Charleston","2",0,286335000,52332200,110.554,20.206,32.8179,-79.959,"charleston-sc",16700,"45019|45015",171,1384
151208,152867,156241,145786,-0.01085,"KS",2036000,485601,"Kansas City","2",0,323269000,9237730,124.815,3.567,39.1225,-94.7418,"kansas-city-ks",28140,"20209",172,1211
150989,151559,152705,140768,-0.00376,"FL",1232000,2404719,"Hollywood","2",0,70626800,9130070,27.269,3.525,26.031,-80.1646,"hollywood-fl",0,"12011",173,5537
150718,150545,150199,147433,0.00115,"IL",1738570,2395477,"Joliet","2",0,166153000,1758010,64.152,0.679,41.5177,-88.1488,"joliet-il",0,"17197|17093",174,2349
149482,150072,151260,143911,-0.00393,"CA",622804,2410455,"Escondido","2",0,96643700,276445,37.314,0.107,33.1331,-117.074,"escondido-ca",0,"6073",175,4006
148754,148929,149279,141853,-0.00118,"IL",1751622,2395147,"Naperville","2",0,100520000,1507820,38.811,0.582,41.7492,-88.162,"naperville-il",16980,"17043|17197",176,3833
148457,148395,148271,144229,0.00042,"CT",908000,2378269,"Bridgeport","2",0,41606700,8705770,16.064,3.361,41.1874,-73.1958,"bridgeport-ct",14860,"9001",177,9242
147118,145510,142347,129877,0.01105,"TX",4845384,2411057,"McAllen","2",0,170158000,1202420,65.698,0.464,26.2274,-98.2469,"mcallen-tx",32580,"48215",178,2239
146297,144646,141400,125872,0.01141,"KS",2052575,485633,"Olathe","2",0,159651000,1956550,61.642,0.755,38.882,-94.8201,"olathe-ks",0,"20091",179,2373
146284,150436,159097,139966,-0.0276,"VA",5101000,1498415,"Alexandria","2",0,38679400,1070220,14.934,0.413,38.8193,-77.0837,"alexandria-va",47900,"51510",180,9795
145870,146478,147701,136286,-0.00415,"GA",1369000,2405429,"Savannah","2",0,269126000,12531200,103.91,4.838,32.0419,-81.0513,"savannah-ga",42340,"13051",181,1404
145716,146710,148719,152871,-0.00678,"IL",1765000,2396405,"Rockford","2",0,166740000,2628720,64.379,1.015,42.2593,-89.0635,"rockford-il",40420,"17201",182,2263
145306,144137,141828,124442,0.00811,"CA",682954,2412160,"Visalia","2",0,98224000,51434,37.924,0.02,36.328,-119.329,"visalia-ca",47300,"6107",183,3832
145302,148739,155860,140081,-0.02311,"CA",677000,2412009,"Sunnyvale","2",0,57057400,1817650,22.03,0.702,37.3858,-122.026,"sunnyvale-ca",41940,"6085",184,6596
144755,147079,151839,122363,-0.0158,"WA",5305210,2409821,"Bellevue","2",0,86663800,10472200,33.461,4.043,47.5978,-122.156,"bellevue-wa",42660,"53033",185,4326
144261,145179,147033,145170,-0.00632,"NY",3673000,979539,"Syracuse","2",0,64826300,1504330,25.03,0.581,43.041,-76.1436,"syracuse-ny",45060,"36067",186,5764
143792,145728,149680,139824,-0.01329,"TX",4847892,2411090,"Mesquite","2",0,122382000,479993,47.252,0.185,32.7629,-96.5888,"mesquite-tx",0,"48113|48257",187,3043
143776,146738,152846,173514,-0.02019,"MS",2836000,2404779,"Jackson","2",0,287712000,5558330,111.086,2.146,32.3158,-90.2128,"jackson-ms",27140,"28049|28089",188,1294
143502,143055,142166,118772,0.00312,"CO",877290,2412064,"Thornton","2",0,92957800,5328030,35.891,2.057,39.9194,-104.943,"thornton-co",0,"8001",189,3998
143330,145954,151347,149043,-0.01798,"TX",4856000,2411380,"Pasadena","2",0,112887000,3550740,43.586,1.371,29.659,-95.1504,"pasadena-tx",0,"48201",190,3288
142912,145600,151128,149058,-0.01846,"CA",658072,2411454,"Pomona","2",0,59523800,26188,22.982,0.01,34.0585,-117.761,"pomona-ca",0,"6037",191,6218
142241,140911,138289,124805,0.00944,"TX",4876000,2412162,"Waco","2",0,230136000,31841200,88.856,12.294,31.5601,-97.186,"waco-tx",47380,"48309",192,1601
141341,140869,139929,124354,0.00335,"FL",1225175,2403676,"Gainesville","2",0,163344000,3041970,63.068,1.175,29.6807,-82.3492,"gainesville-fl",23540,"12001",193,2241
139422,132522,119729,75092,0.05207,"ID",1652120,2411083,"Meridian","2",0,87978300,166532,33.969,0.064,43.6115,-116.397,"meridian-id",0,"16001",194,4104
139311,140587,143173,135161,-0.00908,"CA",628000,2410556,"Fullerton","2",0,58095900,32825,22.431,0.013,33.8857,-117.928,"fullerton-ca",0,"6059",195,6211
138985,138364,137131,137436,0.00449,"VA",5135000,1498554,"Hampton","2",0,133276000,219728000,51.458,84.837,37.048,-76.2973,"hampton-va",0,"51650",196,2701
138399,137169,134742,115903,0.00897,"CA",682590,2412156,"Victorville","2",0,190672000,750452,73.619,0.29,34.5277,-117.354,"victorville-ca",0,"6071",197,1880
137996,137768,137314,129272,0.00165,"SC",4516000,2404107,"Columbia","2",0,352238000,7288730,136,2.814,34.0405,-80.9061,"columbia-sc",17900,"45079|45063",198,1015
137566,136936,135685,122643,0.0046,"CT",973000,2378291,"Stamford","2",0,97428700,37325600,37.617,14.411,41.0796,-73.5461,"stamford-ct",14860,"9001",199,3657
137465,140499,146769,145438,-0.02159,"CA",680000,2412087,"Torrance","2",0,53150300,80323,20.521,0.031,33.835,-118.341,"torrance-ca",0,"6037",200,6699
137339,136205,133966,129779,0.00833,"CT",952000,2378285,"New Haven","2",0,48407100,3738290,18.69,1.443,41.3108,-72.9249,"new-haven-ct",35300,"9009",201,7348
136938,138020,140209,129480,-0.00784,"UT",4983470,2412231,"West Valley City","2",0,91852900,136726,35.465,0.053,40.6885,-112.012,"west-valley-city-ut",0,"49035",202,3861
136598,137084,138060,141527,-0.00355,"OH",3921000,1086167,"Dayton","2",0,143474000,2988500,55.396,1.154,39.7774,-84.1996,"dayton-oh",19430,"39113",203,2466
136496,135785,134373,122041,0.00524,"FL",1245975,2404275,"Miramar","2",0,74728500,5772610,28.853,2.229,25.9725,-80.3386,"miramar-fl",0,"12011",204,4731
136153,137138,139129,134056,-0.00718,"MI",2684000,1627213,"Warren","2",0,88991800,190290,34.36,0.073,42.4929,-83.025,"warren-mi",19820,"26099",205,3963
134475,135862,138680,136416,-0.01021,"CA",653980,2411325,"Orange","2",0,66474200,386916,25.666,0.149,33.8288,-117.785,"orange-ca",0,"6059",206,5239
134266,135362,137581,126326,-0.0081,"IA",1912000,467567,"Cedar Rapids","2",0,185498000,3111650,71.621,1.201,41.9664,-91.678,"cedar-rapids-ia",16300,"19113",207,1875
132935,133093,133409,119097,-0.00119,"TX",4813024,2409992,"Carrollton","2",0,94973100,2003540,36.669,0.774,32.9894,-96.8999,"carrollton-tx",0,"48113|48121|48085",208,3625
132570,133981,136848,124969,-0.01053,"NJ",3421000,885205,"Elizabeth","2",0,31905500,3459590,12.319,1.336,40.6664,-74.1935,"elizabeth-nj",0,"34039",209,10761
131523,132393,134151,129699,-0.00657,"MI",2676460,1627126,"Sterling Heights","2",0,94364800,735214,36.434,0.284,42.5812,-83.0303,"sterling-heights-mi",0,"26099",210,3610
131320,133066,136628,92411,-0.01312,"WA",5335415,2410185,"Kent","2",0,87411000,1726260,33.75,0.667,47.388,-122.213,"kent-wa",0,"53033",211,3891
130935,133312,138196,137122,-0.01783,"CA",656000,2411379,"Pasadena","2",0,59462900,377371,22.959,0.146,34.1606,-118.138,"pasadena-ca",0,"6037",212,5703
130919,127349,120498,99887,0.02803,"TX",4863500,2411005,"Round Rock","2",0,93792000,814654,36.213,0.315,30.5252,-97.666,"round-rock-tx",12420,"48491|48453",213,3615
130445,131628,134027,121096,-0.00899,"FL",1214400,2404127,"Coral Springs","2",0,59218800,2906550,22.864,1.122,26.2707,-80.2593,"coral-springs-fl",0,"12011",214,5705
129663,128878,127321,110925,0.00609,"OK",4052500,2411267,"Norman","2",0,463163000,27406200,178.828,10.582,35.2406,-97.3453,"norman-ok",0,"40027",215,725
128879,127862,125852,108500,0.00795,"MO",2915670,2393605,"Columbia","2",0,169824000,681749,65.57,0.263,38.9473,-92.3264,"columbia-mo",17860,"29019",216,1966
128655,125766,120181,103190,0.02297,"FL",1254000,2404463,"Palm Bay","2",0,253324000,8228620,97.809,3.177,27.9548,-80.665,"palm-bay-fl",37340,"12009",217,1315
128579,129945,132720,111147,-0.01051,"TX",4848072,2411096,"Midland","2",0,192651000,441855,74.383,0.171,32.0246,-102.113,"midland-tx",33260,"48329",218,1729
128557,127649,125853,105549,0.00711,"ND",3825700,1036030,"Fargo","2",0,128835000,0,49.743,0,46.8652,-96.8292,"fargo-nd",22020,"38017",219,2584
127793,127575,127141,115452,0.00171,"GA",1303440,2407405,"Athens","0",0,301290000,4593110,116.329,1.773,33.9496,-83.3701,"athens-ga",12020,"13059",220,1099
127753,125348,120674,95631,0.01919,"CA",614218,2409488,"Clovis","2",0,65810900,309836,25.41,0.12,36.829,-119.685,"clovis-ca",0,"6019",221,5028
126603,126877,127426,116468,-0.00216,"CA",669084,2411816,"Santa Clara","2",0,47203900,0,18.226,0,37.3645,-121.968,"santa-clara-ca",41940,"6085",222,6946
125890,125917,125971,118032,-0.00021,"PA",4202000,1215372,"Allentown","2",0,45449800,1236680,17.548,0.477,40.5936,-75.4784,"allentown-pa",0,"42077",223,7174
125798,125894,126086,91252,-0.00076,"TX",4856348,2411392,"Pearland","2",0,124734000,452857,48.16,0.175,29.5558,-95.3231,"pearland-tx",0,"48039|48157|48201",224,2612
125353,125658,126269,127473,-0.00243,"KS",2071000,485655,"Topeka","2",0,159135000,3398160,61.443,1.312,39.0347,-95.6948,"topeka-ks",45820,"20177",225,2040
125302,125186,124954,117063,0.00093,"TX",4801000,2409657,"Abilene","2",0,276271000,14051300,106.669,5.425,32.4545,-99.7381,"abilene-tx",10180,"48441|48253",226,1175
125196,125585,126366,124237,-0.0031,"CA",672016,2411904,"Simi Valley","2",0,107562000,1844160,41.53,0.712,34.2669,-118.748,"simi-valley-ca",0,"6111",227,3015
123977,124862,126652,126683,-0.00709,"CA",678582,2412065,"Thousand Oaks","2",0,143133000,375975,55.264,0.145,34.1933,-118.874,"thousand-oaks-ca",37100,"6111",228,2243
123238,121618,118441,93857,0.01332,"TX",4815976,2410193,"College Station","2",0,132483000,369349,51.152,0.143,30.5852,-96.2964,"college-station-tx",0,"48041",229,2409
123001,123940,125839,115942,-0.00758,"CA",681666,2412142,"Vallejo","2",0,79837500,48876900,30.825,18.871,38.1079,-122.264,"vallejo-ca",46700,"6095",230,3990
121899,122982,125176,122067,-0.00881,"CA",616000,2410214,"Concord","2",0,79139300,0,30.556,0,37.9722,-122.002,"concord-ca",0,"6013",231,3989
121603,121534,121396,106769,0.00057,"MN",2754880,2396395,"Rochester","2",0,142953000,745339,55.195,0.288,44.0154,-92.4772,"rochester-mn",40340,"27109",232,2203
121380,118365,112558,97422,0.02547,"FL",1238250,2404873,"Lakeland","2",0,171289000,23336800,66.135,9.01,28.0555,-81.9548,"lakeland-fl",29460,"12105",233,1835
121378,122403,124478,106433,-0.00837,"CO",803455,2409737,"Arvada","2",0,100452000,1752440,38.785,0.677,39.8337,-105.15,"arvada-co",0,"08059|08001",234,3130
121322,121546,121996,120623,-0.00184,"LA",2240735,2404854,"Lafayette","2",0,143733000,203101,55.496,0.078,30.2079,-92.0313,"lafayette-la",29180,"22055",235,2186
121083,118683,114024,98850,0.02022,"OK",4009050,2409914,"Broken Arrow","2",0,160016000,1593580,61.782,0.615,36.0365,-95.781,"broken-arrow-ok",0,"40143|40145",236,1960
120949,119198,115771,97471,0.01469,"SC",4550875,2404391,"North Charleston","2",0,200725000,8990710,77.5,3.471,32.9178,-80.065,"north-charleston-sc",16700,"45019|45035",237,1561
120695,119159,116146,106476,0.01289,"NC",3774440,2405754,"Wilmington","2",0,133134000,4058450,51.403,1.567,34.2092,-77.8858,"wilmington-nc",48900,"37129",238,2348
120427,121255,122927,116830,-0.00683,"MO",2935000,2395422,"Independence","2",0,201997000,1162420,77.991,0.449,39.0855,-94.3521,"independence-mo",0,"29095",239,1544
119817,120196,120957,124775,-0.00315,"CT",937000,2378277,"Hartford","2",0,45012600,1751550,17.379,0.676,41.7659,-72.6816,"hartford-ct",25540,"9003",240,6894
119570,120549,122531,113934,-0.00812,"MI",2603000,1625837,"Ann Arbor","2",0,72292700,2252080,27.912,0.87,42.2757,-83.7315,"ann-arbor-mi",11460,"26161",241,4284
119461,119583,119827,105321,-0.00102,"CA",623182,2410474,"Fairfield","2",0,106688000,688508,41.193,0.266,38.2598,-122.032,"fairfield-ca",46700,"6095",242,2900
119434,110002,93314,50876,0.08574,"AZ",407940,2411736,"Buckeye","2",0,1018160000,456828,393.114,0.176,33.4329,-112.648,"buckeye-az",0,"4013",243,304
118288,117866,117026,104170,0.00358,"MT",3006550,2409849,"Billings","2",0,115551000,277939,44.614,0.107,45.7895,-108.552,"billings-mt",13740,"30111",244,2651
117500,117393,117179,99919,0.00091,"FL",1276600,2405713,"West Palm Beach","2",0,139362000,11581500,53.808,4.472,26.7451,-80.127,"west-palm-beach-fl",33100,"12099",245,2184
117434,116511,114686,83560,0.00792,"TX",4841980,2411642,"League City","2",0,132765000,4500200,51.261,1.738,29.4901,-95.1091,"league-city-tx",0,"48167|48201",246,2291
117082,111501,101124,81557,0.05005,"ID",1656260,2411208,"Nampa","2",0,85002900,386291,32.82,0.149,43.5843,-116.564,"nampa-id",0,"16027",247,3567
116344,114655,111351,103466,0.01473,"CA",650076,2411199,"Murrieta","2",0,87055400,93770,33.612,0.036,33.5721,-117.19,"murrieta-ca",0,"6065",248,3461
115933,116303,117046,107685,-0.00318,"FL",1212875,2404067,"Clearwater","2",0,67548700,25487500,26.081,9.841,27.9803,-82.7682,"clearwater-fl",45300,"12103",249,4445
115881,116484,117699,105162,-0.00518,"MA",2511000,619396,"Cambridge","2",0,16559000,1825500,6.393,0.705,42.376,-71.1187,"cambridge-ma",14460,"25017",250,18126
115851,107017,91319,57740,0.08255,"TX",4850820,2411228,"New Braunfels","2",0,117037000,1008390,45.188,0.389,29.6993,-98.1151,"new-braunfels-tx",41700,"48091|48187",251,2564
115761,115531,115073,105328,0.00199,"CA",611194,2409984,"Carlsbad","2",0,97772900,3378110,37.75,1.304,33.1293,-117.284,"carlsbad-ca",41740,"6073",252,3067
115678,115570,115354,109565,0.00093,"NH",3345140,873658,"Manchester","2",0,85663900,4821090,33.075,1.861,42.9849,-71.4441,"manchester-nh",31700,"33011",253,3497
115303,114102,111738,97618,0.01053,"NM",3539380,2411629,"Las Cruces","2",0,199257000,250842,76.934,0.097,32.3264,-106.79,"las-cruces-nm",29740,"35013",254,1499
115262,115900,117186,103712,-0.0055,"UT",4982950,2412222,"West Jordan","2",0,83722600,0,32.325,0,40.6024,-112.001,"west-jordan-ut",0,"49035",255,3566
114957,115719,117258,117429,-0.00658,"IN",1822000,2394710,"Evansville","2",0,122553000,1277370,47.318,0.493,37.9877,-87.5347,"evansville-in",21780,"18163",256,2429
114475,114280,113892,104371,0.00171,"NC",3731400,2404696,"High Point","2",0,144998000,3943860,55.984,1.523,35.9908,-79.9927,"high-point-nc",24660,"37081|37057|37151|37067",257,2045
114450,115043,116238,103701,-0.00515,"CA",660620,2410939,"Richmond","2",0,77842500,58164100,30.055,22.457,37.9523,-122.361,"richmond-ca",0,"6013",258,3808
114170,113555,112336,95290,0.00542,"TX",4842508,2410829,"Lewisville","2",0,95050900,15654800,36.699,6.044,33.0466,-96.9818,"lewisville-tx",0,"48121|48113",259,3111
114156,114120,114048,112488,0.00032,"UT",4962470,2411499,"Provo","2",0,107923000,6474980,41.669,2.5,40.2453,-111.645,"provo-ut",39340,"49049",260,2740
113884,114338,115252,102372,-0.00397,"CA",602252,2409715,"Antioch","2",0,76015800,2009360,29.35,0.776,37.9791,-121.796,"antioch-ca",0,"6013",261,3880
113613,114989,117792,99223,-0.01197,"TX",4861796,2410933,"Richardson","2",0,73982900,234253,28.565,0.09,32.9723,-96.7081,"richardson-tx",0,"48113|48085",262,3977
113118,113464,114159,110366,-0.00305,"CT",980000,2378294,"Waterbury","2",0,73872200,1093830,28.522,0.422,41.5585,-73.0367,"waterbury-ct",0,"9009",263,3966
113045,109673,103227,77519,0.03075,"CA",646842,2497157,"Menifee","2",0,120362000,388769,46.472,0.15,33.6899,-117.184,"menifee-ca",0,"6065",264,2433
112986,107212,96534,65275,0.05386,"AZ",428380,2410622,"Goodyear","2",0,495194000,79037,191.195,0.031,33.254,-112.366,"goodyear-az",0,"4013",265,591
112868,112618,112119,106595,0.00222,"CO",862000,2411501,"Pueblo","2",0,142348000,1829080,54.961,0.706,38.2704,-104.611,"pueblo-co",39380,"8101",266,2054
112643,114872,119463,112580,-0.0194,"CA",606000,2409837,"Berkeley","2",0,27127400,18715600,10.474,7.226,37.867,-122.299,"berkeley-ca",0,"6001",267,10755
112504,113205,114621,108188,-0.00619,"IL",1723074,2394641,"Elgin","2",0,97126900,1484050,37.501,0.573,42.0396,-88.3217,"elgin-il",16980,"17089|17031",268,3000
112460,112572,112796,114297,-0.00099,"MI",2646000,1626588,"Lansing","2",0,101497000,1659270,39.188,0.641,42.7143,-84.5609,"lansing-mi",29620,"26065|26045",269,2870
112382,111611,110086,100097,0.00691,"CA",678120,2412044,"Temecula","2",0,96522600,27059,37.268,0.01,33.4931,-117.132,"temecula-ca",0,"6065",270,3016
111711,112549,114245,116250,-0.00745,"IL",1772000,2395940,"Springfield","2",0,157843000,16288300,60.943,6.289,39.7208,-89.7056,"springfield-il",44100,"17167",271,1833
111659,109660,105769,79066,0.01823,"NC",3714100,2404117,"Concord","2",0,164468000,90379,63.502,0.035,35.3921,-80.6355,"concord-nc",16740,"37025",272,1758
111496,112738,115264,106519,-0.01102,"MA",2537000,618227,"Lowell","2",0,35242000,2387950,13.607,0.922,42.639,-71.321,"lowell-ma",0,"25017",273,8194
111158,110475,109121,90264,0.00618,"NV",3268400,2411949,"Sparks","2",0,92785000,289555,35.824,0.112,39.5693,-119.707,"sparks-nv",0,"32031",274,3103
111153,112844,116304,106114,-0.01499,"CO",883835,2412237,"Westminster","2",0,81806200,5989550,31.586,2.313,39.8801,-105.062,"westminster-co",0,"08001|08059",275,3519
110576,110694,110930,103019,-0.00107,"WA",5322640,2410469,"Everett","2",0,85982200,38111500,33.198,14.715,47.9565,-122.191,"everett-wa",0,"53061",276,3331
110432,110649,111085,107167,-0.00196,"FL",1245060,2404249,"Miami Gardens","2",0,47212000,2001190,18.229,0.773,25.9489,-80.2436,"miami-gardens-fl",0,"12086",277,6058
110291,108076,103778,89755,0.02049,"WA",5367167,2411957,"Spokane Valley","2",0,97693300,747133,37.72,0.288,47.6634,-117.233,"spokane-valley-wa",44060,"53063",278,2924
110122,110733,111966,99845,-0.00552,"FL",1258050,2404547,"Pompano Beach","2",0,62206300,1744350,24.018,0.673,26.2416,-80.1339,"pompano-beach-fl",0,"12011",279,4585
110097,111590,114637,105594,-0.01338,"OR",4131250,2410663,"Gresham","2",0,60481000,531264,23.352,0.205,45.5023,-122.442,"gresham-or",0,"41051",280,4715
109666,108422,105976,96900,0.01147,"TX",4874144,2412122,"Tyler","2",0,148807000,1343060,57.455,0.519,32.3173,-95.3059,"tyler-tx",46340,"48423",281,1909
109447,110551,112792,115007,-0.00999,"IL",1759000,2396178,"Peoria","2",0,124322000,6217240,48.001,2.4,40.7516,-89.6173,"peoria-il",37900,"17143",282,2280
109411,108135,105628,84246,0.0118,"TX",4801924,2409684,"Allen","2",0,68369300,227864,26.398,0.088,33.1097,-96.673,"allen-tx",0,"48085",283,4145
109326,109518,109904,99553,-0.00175,"CA",669196,2411824,"Santa Maria","2",0,59067900,1586250,22.806,0.612,34.9331,-120.444,"santa-maria-ca",42200,"6083",284,4794
109264,110898,114239,118296,-0.01473,"TX",4807000,2409806,"Beaumont","2",0,213246000,7386070,82.335,2.852,30.0849,-94.1453,"beaumont-tx",13140,"48245",285,1327
109193,109258,109388,92889,-0.00059,"CO",832155,2410654,"Greeley","2",0,126540000,413320,48.857,0.16,40.414,-104.771,"greeley-co",24540,"8123",286,2235
109060,107435,104257,87521,0.01513,"NM",3563460,2410954,"Rio Rancho","2",0,267859000,705136,103.421,0.272,35.2851,-106.699,"rio-rancho-nm",0,"35043|35001",287,1055
108955,109439,110413,106433,-0.00442,"CA",665042,2411779,"Ventura","2",0,56675200,26959100,21.882,10.409,34.2678,-119.254,"ventura-ca",37100,"6111",288,4979
108829,109785,111723,109960,-0.00871,"CA",616532,2410239,"Costa Mesa","2",0,40910100,24554,15.795,0.009,33.6659,-117.912,"costa-mesa-ca",0,"6059",289,6890
108535,104158,95927,72897,0.04202,"UT",4965330,2411757,"St. George","2",0,199151000,7291,76.893,0.003,37.077,-113.577,"st-george-ut",41100,"49053",290,1412
107891,110163,114852,99940,-0.02062,"TX",4853388,2411303,"Odessa","2",0,117128000,667150,45.223,0.258,31.8834,-102.34,"odessa-tx",36220,"48135|48329",291,2386
107552,104987,100039,77100,0.02443,"TX",4822660,2410401,"Edinburg","2",0,115864000,149098,44.735,0.058,26.3211,-98.1628,"edinburg-tx",32580,"48215",292,2404
107305,104649,99533,76639,0.02538,"OR",4105800,2409832,"Bend","2",0,85733100,617379,33.102,0.238,44.0567,-121.308,"bend-or",13460,"41017",293,3242
106859,109226,114118,111772,-0.02167,"CA",619766,2410352,"Downey","2",0,32136800,414393,12.408,0.16,33.9382,-118.131,"downey-ca",0,"6037",294,8612
106817,106916,107114,104057,-0.00093,"WI",5531000,1583309,"Green Bay","2",0,117780000,26635700,45.475,10.284,44.5215,-87.9866,"green-bay-wi",24580,"55009",295,2349
106622,107989,110775,78817,-0.01266,"TX",4870808,2411994,"Sugar Land","2",0,104854000,6300540,40.485,2.433,29.5928,-95.6338,"sugar-land-tx",26420,"48157",296,2634
106058,106345,106922,91611,-0.0027,"OR",4134100,2410765,"Hillsboro","2",0,66539400,31207,25.691,0.012,45.5268,-122.935,"hillsboro-or",38900,"41067",297,4128
105988,107197,109657,98153,-0.01128,"MI",2621000,1626164,"Dearborn","2",0,62766200,730966,24.234,0.282,42.3131,-83.2115,"dearborn-mi",19820,"26163",298,4374
105260,98538,86354,62298,0.06822,"FL",1224125,2403643,"Fort Myers","2",0,103186000,23816300,39.84,9.196,26.6201,-81.8295,"fort-myers-fl",15980,"12071",299,2642
105223,106197,108172,93853,-0.00917,"GA",1368516,2405417,"Sandy Springs","2",0,97522900,2240650,37.654,0.865,33.9315,-84.3687,"sandy-springs-ga",12060,"13121",300,2794